X1,count,m
MBD5,3,0.148534574786928
SGSH,14,0.00803401634715708
